{
  "weights_sample": {
    "input_layer_1": [
      0.13618807,
      0.13824795,
      -0.09588318,
      -0.038872764,
      -0.011662646,
      -0.044925906,
      -0.019625368,
      -0.12347663,
      -0.09044998,
      0.13618998,
      0.0811621,
      -0.08410843,
      -0.13255894,
      0.11928488,
      0.053986933,
      0.075842686,
      -0.07421402,
      -0.02294281,
      0.04832371,
      -0.097020656
    ],
    "input_layer_3": [
      -0.026360048,
      0.11859305,
      0.03926026,
      -0.061812703,
      -0.16460006,
      -0.030160274,
      -0.061064232,
      -0.09058686,
      -0.09248642,
      -0.13576049,
      0.01991011,
      -0.14196008,
      -0.06573638,
      -0.09561175,
      -0.10382743,
      -0.07771772,
      -0.015290814,
      0.114718355,
      -0.13731775,
      -0.023793856
    ],
    "hidden_layer_2": [
      0.0,
      0.002563599,
      0.0,
      0.011621514,
      0.010239112,
      0.0,
      0.0010059259,
      0.0,
      0.0,
      0.0,
      0.0,
      0.0,
      0.0,
      0.0,
      0.014493862,
      0.014361045,
      0.015535613,
      0.022986012,
      0.029162312,
      0.0
    ],
    "input_layer_2": [
      0.06723804,
      0.105797306,
      0.11686291,
      0.06893953,
      0.11658257,
      0.06600479,
      -0.09682059,
      0.016002739,
      -0.052666396,
      -0.06208333,
      -0.08025433,
      -0.1781555,
      -0.01286358,
      -0.048222266,
      0.06041843,
      -0.04303429,
      0.119283006,
      -0.011798571,
      -0.031797852,
      -0.08364899
    ],
    "hidden_layer_1": [
      0.0,
      0.0025956514,
      0.098076105,
      0.0,
      0.0,
      0.08920518,
      0.00020701253,
      0.0,
      0.106339216,
      0.08733008,
      0.032044783,
      0.080808595,
      0.0036708394,
      0.0,
      0.0,
      0.0066120257,
      0.0,
      0.0009838677,
      0.01830212,
      0.09396637
    ]
  },
  "train_losses": [
    0.003777191151299631,
    0.0008072608647774035,
    0.00027908095850434747,
    0.00013679631356803963,
    8.157557090351854e-5
  ],
  "final_predictions_sample": [
    0.4595750381880182,
    0.4917413479569665,
    0.49276140478712915,
    0.4947651108175728,
    0.48853180298501026,
    0.34729991074004574,
    0.47063416243206874,
    0.42098835166536386,
    0.48677211687387495,
    0.4393759630057362,
    0.473461420946424,
    0.4840862849778824,
    0.48074122099979766,
    0.4808019375663636,
    0.4904554266295664,
    0.47752313169850935,
    0.4900629490194706,
    0.4737834226900422,
    0.49100597143276054,
    0.48950914504940884,
    0.47570679176331326,
    0.4952543458440386,
    0.47651765218836817,
    0.4177845502056734,
    0.44443333484148845,
    0.4843230547451357,
    0.3560575852659266,
    0.41059500040217056,
    0.4860141901789129,
    0.47983256342096336,
    0.5006218960778416,
    0.4800465620454661,
    0.44509595454857054,
    0.46688750498682424,
    0.40402182993885366,
    0.47072221846259993,
    0.4643099004494258,
    0.4995461598137126,
    0.4798707998322546,
    0.4732330729264668,
    0.43345853803940715,
    0.49955144455998796,
    0.50912862399895,
    0.47984598376368554,
    0.46323489855183964,
    0.4045471742052783,
    0.4725258161009231,
    0.49916683406991535,
    0.4908404547153937,
    0.47233374752378715,
    0.478570545942834,
    0.48817978416361274,
    0.48510969697393697,
    0.4808190377942626,
    0.4970825896582204,
    0.4812671968365652,
    0.4911823168400437,
    0.502881775504041,
    0.49670035034404253,
    0.4804414420311396,
    0.47526421505178523,
    0.46019134914135823,
    0.4786819752898366,
    0.4861001398878444,
    0.4489857538077995,
    0.49134519358424844,
    0.4705653696307057,
    0.5034131061025656,
    0.4363075921813123,
    0.4853738100763214,
    0.4897404690977824,
    0.49106758840636605,
    0.43641269977775404,
    0.501394107427587,
    0.48820922706429815,
    0.4860825078843989,
    0.49028761430809964,
    0.4896877704335139,
    0.49805178140547457,
    0.39992032622654416,
    0.47554121024660506,
    0.48817807058103285,
    0.4230740784729207,
    0.36662202929394977,
    0.48384031147843465,
    0.4535340819697653,
    0.4682709497556419,
    0.4725802691473568,
    0.5012136244623654,
    0.48261123597314337,
    0.4839738749206366,
    0.49266433057398007,
    0.40063654612297556,
    0.4943687308471481,
    0.47063693210320573,
    0.47820186879850846,
    0.4864432146174757,
    0.4912867472125648,
    0.38291440628519774,
    0.47950904190986393
  ],
  "predictions": [],
  "test_losses": [
    0.2135279795289899,
    0.21194107005597312,
    0.21862392484269355,
    0.2234202006242742,
    0.22873425257636312
  ],
  "test_accuracies": [
    0.7536760641238254,
    0.7537866224433388,
    0.7537866224433388,
    0.7545605306799337,
    0.7536760641238254
  ]
}