epoch,train_loss,test_loss,test_accuracy,time
1,0.14995038864785284,0.12867871,0.8091763405196241,177.29031705856323
2,0.1266784366917905,0.12620936,0.8102819237147595,78.4917562007904
3,0.12454691207424701,0.12496726,0.8127142067440575,86.80410504341125
4,0.1231540538133665,0.12296712,0.819126589275843,90.50032997131348
5,0.12232496506491736,0.12457599,0.8182421227197346,89.97861099243164
