epoch,train_loss,test_loss,test_accuracy,time
1,0.003777191151299631,0.2135279795289899,0.7536760641238254,18.12155294418335
2,0.0008072608647774035,0.21194107005597312,0.7537866224433388,2.2485578060150146
3,0.00027908095850434747,0.21862392484269355,0.7537866224433388,1.67820405960083
4,0.00013679631356803963,0.2234202006242742,0.7545605306799337,1.696889877319336
5,8.157557090351854e-5,0.22873425257636312,0.7536760641238254,1.698819875717163
